<?xml version="1.0" encoding="UTF-8"?>
<GenRun Id="impl_1" LaunchPart="xc7z020clg484-1" LaunchTime="1607270072">
  <File Type="ROUTE-PWR" Name="classic_fsm_power_routed.rpt"/>
  <File Type="PA-TCL" Name="classic_fsm.tcl"/>
  <File Type="ROUTE-PWR-SUM" Name="classic_fsm_power_summary_routed.pb"/>
  <File Type="REPORTS-TCL" Name="classic_fsm_reports.tcl"/>
  <File Type="BITSTR-MSK" Name="classic_fsm.msk"/>
  <File Type="ROUTE-CLK" Name="classic_fsm_clock_utilization_routed.rpt"/>
  <File Type="RDI-RDI" Name="classic_fsm.vdi"/>
  <File Type="BG-BIT" Name="classic_fsm.bit"/>
  <File Type="BG-DRC" Name="classic_fsm.drc"/>
  <File Type="BG-BGN" Name="classic_fsm.bgn"/>
  <File Type="BG-BIN" Name="classic_fsm.bin"/>
  <File Type="BITSTR-RBT" Name="classic_fsm.rbt"/>
  <File Type="BITSTR-NKY" Name="classic_fsm.nky"/>
  <File Type="BITSTR-BMM" Name="classic_fsm_bd.bmm"/>
  <File Type="ROUTE-METHODOLOGY-DRC" Name="classic_fsm_methodology_drc_routed.rpt"/>
  <File Type="BITSTR-MMI" Name="classic_fsm.mmi"/>
  <File Type="BITSTR-SYSDEF" Name="classic_fsm.sysdef"/>
  <File Type="BITSTR-LTX" Name="debug_nets.ltx"/>
  <File Type="BITSTR-LTX" Name="classic_fsm.ltx"/>
  <File Type="WBT-USG" Name="usage_statistics_webtalk.html"/>
  <File Type="OPT-DRC" Name="classic_fsm_drc_opted.rpt"/>
  <File Type="OPT-HWDEF" Name="classic_fsm.hwdef"/>
  <File Type="PLACE-IO" Name="classic_fsm_io_placed.rpt"/>
  <File Type="PLACE-UTIL" Name="classic_fsm_utilization_placed.rpt"/>
  <File Type="PLACE-UTIL-PB" Name="classic_fsm_utilization_placed.pb"/>
  <File Type="PLACE-CTRL" Name="classic_fsm_control_sets_placed.rpt"/>
  <File Type="PLACE-PRE-SIMILARITY" Name="classic_fsm_incremental_reuse_pre_placed.rpt"/>
  <File Type="ROUTE-DRC" Name="classic_fsm_drc_routed.rpt"/>
  <File Type="ROUTE-DRC-PB" Name="classic_fsm_drc_routed.pb"/>
  <File Type="ROUTE-PWR-RPX" Name="classic_fsm_power_routed.rpx"/>
  <File Type="ROUTE-STATUS" Name="classic_fsm_route_status.rpt"/>
  <File Type="ROUTE-STATUS-PB" Name="classic_fsm_route_status.pb"/>
  <File Type="ROUTE-DCP" Name="classic_fsm_routed.dcp"/>
  <File Type="ROUTE-ERROR-DCP" Name="classic_fsm_routed_error.dcp"/>
  <File Type="ROUTE-BLACKBOX-DCP" Name="classic_fsm_routed_bb.dcp"/>
  <File Type="ROUTE-TIMINGSUMMARY" Name="classic_fsm_timing_summary_routed.rpt"/>
  <File Type="ROUTE-TIMING-PB" Name="classic_fsm_timing_summary_routed.pb"/>
  <File Type="ROUTE-TIMING-RPX" Name="classic_fsm_timing_summary_routed.rpx"/>
  <File Type="ROUTE-BUS-SKEW" Name="classic_fsm_bus_skew_routed.rpt"/>
  <File Type="ROUTE-BUS-SKEW-PB" Name="classic_fsm_bus_skew_routed.pb"/>
  <File Type="ROUTE-BUS-SKEW-RPX" Name="classic_fsm_bus_skew_routed.rpx"/>
  <File Type="OPT-DCP" Name="classic_fsm_opt.dcp"/>
  <File Type="PLACE-DCP" Name="classic_fsm_placed.dcp"/>
  <File Type="PWROPT-DCP" Name="classic_fsm_pwropt.dcp"/>
  <File Type="POSTPLACE-PWROPT-DCP" Name="classic_fsm_postplace_pwropt.dcp"/>
  <File Type="PHYSOPT-DCP" Name="classic_fsm_physopt.dcp"/>
  <File Type="POSTROUTE-PHYSOPT-DCP" Name="classic_fsm_postroute_physopt.dcp"/>
  <File Type="POSTROUTE-PHYSOPT-BLACKBOX-DCP" Name="classic_fsm_postroute_physopt_bb.dcp"/>
  <File Type="ROUTE-METHODOLOGY-DRC-PB" Name="classic_fsm_methodology_drc_routed.pb"/>
  <File Type="ROUTE-DRC-RPX" Name="classic_fsm_drc_routed.rpx"/>
  <File Type="ROUTE-METHODOLOGY-DRC-RPX" Name="classic_fsm_methodology_drc_routed.rpx"/>
  <File Type="PDI-FILE" Name="classic_fsm.pdi"/>
  <File Type="RCFI_FILE" Name="classic_fsm.rcfi"/>
  <File Type="CFI_FILE" Name="classic_fsm.cfi"/>
  <File Type="RNPI_FILE" Name="classic_fsm.rnpi"/>
  <File Type="NPI_FILE" Name="classic_fsm.npi"/>
  <File Type="RBD_FILE" Name="classic_fsm.rbd"/>
  <FileSet Name="sources" Type="DesignSrcs" RelSrcDir="$PSRCDIR/sources_1" RelGenDir="$PGENDIR/sources_1">
    <Filter Type="Srcs"/>
    <File Path="$PSRCDIR/sources_1/imports/5_fsm/classic_fsm.v">
      <FileInfo>
        <Attr Name="ImportPath" Val="$PPRDIR/../../../../../../../../Desktop/ESL/Tutorial_1/examples/5_fsm/classic_fsm.v"/>
        <Attr Name="ImportTime" Val="1607269668"/>
        <Attr Name="UsedIn" Val="synthesis"/>
        <Attr Name="UsedIn" Val="implementation"/>
        <Attr Name="UsedIn" Val="simulation"/>
      </FileInfo>
    </File>
    <Config>
      <Option Name="DesignMode" Val="RTL"/>
      <Option Name="TopModule" Val="classic_fsm"/>
      <Option Name="TopAutoSet" Val="TRUE"/>
    </Config>
  </FileSet>
  <FileSet Name="constrs_in" Type="Constrs" RelSrcDir="$PSRCDIR/constrs_1">
    <Filter Type="Constrs"/>
    <File Path="$PSRCDIR/constrs_1/new/pinout.xdc">
      <FileInfo>
        <Attr Name="ImportPath" Val="$PPRDIR/../../../../../../../../Desktop/ESL/Tutorial_1/Tutorial_5v/project_5/project_5.srcs/constrs_1/new/pinout.xdc"/>
        <Attr Name="ImportTime" Val="1607270065"/>
        <Attr Name="UsedIn" Val="synthesis"/>
        <Attr Name="UsedIn" Val="implementation"/>
      </FileInfo>
    </File>
    <Config>
      <Option Name="TargetConstrsFile" Val="$PSRCDIR/constrs_1/new/pinout.xdc"/>
      <Option Name="ConstrsType" Val="XDC"/>
    </Config>
  </FileSet>
  <FileSet Name="utils" Type="Utils" RelSrcDir="$PSRCDIR/utils_1">
    <Filter Type="Utils"/>
    <Config>
      <Option Name="TopAutoSet" Val="TRUE"/>
    </Config>
  </FileSet>
  <Strategy Version="1" Minor="2">
    <StratHandle Name="Vivado Implementation Defaults" Flow="Vivado Implementation 2020"/>
    <Step Id="init_design"/>
    <Step Id="opt_design"/>
    <Step Id="power_opt_design"/>
    <Step Id="place_design"/>
    <Step Id="post_place_power_opt_design"/>
    <Step Id="phys_opt_design"/>
    <Step Id="route_design"/>
    <Step Id="post_route_phys_opt_design"/>
    <Step Id="write_bitstream"/>
    <Step Id="write_device_image"/>
  </Strategy>
</GenRun>
